{
	"info": {
		"_postman_id": "ad36bdcd-2f55-4ae9-95d8-b4d400406968",
		"name": "Arkham API",
		"schema": "https://schema.getpostman.com/json/collection/v2.1.0/collection.json",
		"_exporter_id": "31103742"
	},
	"item": [
		{
			"name": "Client",
			"item": [
				{
					"name": "client get by id",
					"protocolProfileBehavior": {
						"disableBodyPruning": true
					},
					"request": {
						"auth": {
							"type": "bearer",
							"bearer": [
								{
									"key": "token",
									"value": "eyJhbGciOiJIUzI1NiJ9.eyJzdWIiOiJsZmthbnNlbG1vQGdtYWlsLmNvbSIsImlhdCI6MTcwMTE4Njg5MCwiZXhwIjoxNzAxMjczMjkwfQ.0bpnBmk7LOEOIq8WbaWJwSpRebotVSQQJMFiJiQq_4Y",
									"type": "string"
								}
							]
						},
						"method": "GET",
						"header": [],
						"body": {
							"mode": "raw",
							"raw": "",
							"options": {
								"raw": {
									"language": "json"
								}
							}
						},
						"url": {
							"raw": "localhost:8090/api/client/1152197941",
							"host": [
								"localhost"
							],
							"port": "8090",
							"path": [
								"api",
								"client",
								"1152197941"
							]
						}
					},
					"response": []
				},
				{
					"name": "client save",
					"request": {
						"auth": {
							"type": "bearer",
							"bearer": [
								{
									"key": "token",
									"value": "eyJhbGciOiJIUzI1NiJ9.eyJzdWIiOiJsZmthbnNlbG1vQGdtYWlsLmNvbSIsImlhdCI6MTcwMTk5MTgwMiwiZXhwIjoxNzAyMDc4MjAyfQ.g_ryhrMFQk92xlNzrLXMwN5ntfQQbd0oXzvQHmV_rOg",
									"type": "string"
								}
							]
						},
						"method": "POST",
						"header": [],
						"body": {
							"mode": "raw",
							"raw": "{\r\n    \"clientId\": 1152197941,\r\n    \"firstName\": \"Luis\",\r\n    \"lastName\": \"Ortiz\",\r\n    \"phone\": 3148510219,\r\n    \"email\": \"luis.o@gmail.com\"\r\n}",
							"options": {
								"raw": {
									"language": "json"
								}
							}
						},
						"url": {
							"raw": "localhost:8090/api/client/save",
							"host": [
								"localhost"
							],
							"port": "8090",
							"path": [
								"api",
								"client",
								"save"
							]
						}
					},
					"response": []
				},
				{
					"name": "client update",
					"request": {
						"auth": {
							"type": "bearer",
							"bearer": [
								{
									"key": "token",
									"value": "",
									"type": "string"
								}
							]
						},
						"method": "PUT",
						"header": [],
						"body": {
							"mode": "raw",
							"raw": "{\r\n    \"clientId\": 1152197941,\r\n    \"phone\": 3148510217,\r\n    \"email\": \"luis.ortiz@gmail.com\"\r\n}",
							"options": {
								"raw": {
									"language": "json"
								}
							}
						},
						"url": {
							"raw": "localhost:8090/api/client/update",
							"host": [
								"localhost"
							],
							"port": "8090",
							"path": [
								"api",
								"client",
								"update"
							]
						}
					},
					"response": []
				},
				{
					"name": "client delete",
					"request": {
						"auth": {
							"type": "bearer",
							"bearer": [
								{
									"key": "token",
									"value": "eyJhbGciOiJIUzI1NiJ9.eyJzdWIiOiJsZmthbnNlbG1vQGdtYWlsLmNvbSIsImlhdCI6MTcwMTE4Njg5MCwiZXhwIjoxNzAxMjczMjkwfQ.0bpnBmk7LOEOIq8WbaWJwSpRebotVSQQJMFiJiQq_4Y",
									"type": "string"
								}
							]
						},
						"method": "DELETE",
						"header": [],
						"url": {
							"raw": "localhost:8090/api/client/delete/1152197941",
							"host": [
								"localhost"
							],
							"port": "8090",
							"path": [
								"api",
								"client",
								"delete",
								"1152197941"
							]
						}
					},
					"response": []
				},
				{
					"name": "client get all",
					"request": {
						"method": "GET",
						"header": [],
						"url": {
							"raw": "localhost:8090/api/client/all",
							"host": [
								"localhost"
							],
							"port": "8090",
							"path": [
								"api",
								"client",
								"all"
							]
						}
					},
					"response": []
				}
			]
		},
		{
			"name": "Property",
			"item": [
				{
					"name": "property get by owner id",
					"request": {
						"auth": {
							"type": "bearer",
							"bearer": [
								{
									"key": "token",
									"value": "eyJhbGciOiJIUzI1NiJ9.eyJzdWIiOiJsZmthbnNlbG1vQGdtYWlsLmNvbSIsImlhdCI6MTcwMTE5MDUwMiwiZXhwIjoxNzAxMjc2OTAyfQ.h1Cqf3BimB2io5zHk5bOb0odI50gM9CoXS_iByl-VF0",
									"type": "string"
								}
							]
						},
						"method": "GET",
						"header": [],
						"url": {
							"raw": "localhost:8090/api/property/owner/1153697943",
							"host": [
								"localhost"
							],
							"port": "8090",
							"path": [
								"api",
								"property",
								"owner",
								"1153697943"
							]
						}
					},
					"response": []
				},
				{
					"name": "property get by offer",
					"request": {
						"method": "GET",
						"header": [],
						"url": {
							"raw": "localhost:8090/api/property/offer/venta",
							"host": [
								"localhost"
							],
							"port": "8090",
							"path": [
								"api",
								"property",
								"offer",
								"venta"
							]
						}
					},
					"response": []
				},
				{
					"name": "property get by id",
					"request": {
						"auth": {
							"type": "bearer",
							"bearer": [
								{
									"key": "token",
									"value": "eyJhbGciOiJIUzI1NiJ9.eyJzdWIiOiJsZmthbnNlbG1vQGdtYWlsLmNvbSIsImlhdCI6MTcwMTg4MjA3NywiZXhwIjoxNzAxOTY4NDc3fQ.GhPsK1egOQceI9Wz-N2-4pPNCWYoQyCRTXrlPqGAdqM",
									"type": "string"
								}
							]
						},
						"method": "GET",
						"header": [],
						"url": {
							"raw": "localhost:8090/api/property/2",
							"host": [
								"localhost"
							],
							"port": "8090",
							"path": [
								"api",
								"property",
								"2"
							]
						}
					},
					"response": []
				},
				{
					"name": "property get all",
					"request": {
						"method": "GET",
						"header": [],
						"url": {
							"raw": "localhost:8090/api/property/all",
							"host": [
								"localhost"
							],
							"port": "8090",
							"path": [
								"api",
								"property",
								"all"
							]
						}
					},
					"response": []
				},
				{
					"name": "property by district",
					"request": {
						"method": "GET",
						"header": [],
						"url": {
							"raw": "localhost:8090/api/property/location/manrique",
							"host": [
								"localhost"
							],
							"port": "8090",
							"path": [
								"api",
								"property",
								"location",
								"manrique"
							]
						}
					},
					"response": []
				},
				{
					"name": "property save",
					"request": {
						"auth": {
							"type": "bearer",
							"bearer": [
								{
									"key": "token",
									"value": "eyJhbGciOiJIUzI1NiJ9.eyJzdWIiOiJsZmthbnNlbG1vQGdtYWlsLmNvbSIsImlhdCI6MTcwMjA3NzY5NCwiZXhwIjoxNzAyMTY0MDk0fQ.j01SVWvdJs3DSMojl_IBrOgu5L1OOEENZKcJBAO7CT8",
									"type": "string"
								}
							]
						},
						"method": "POST",
						"header": [],
						"body": {
							"mode": "raw",
							"raw": "{\r\n  \"price\": 150000.00,\r\n  \"availability\": true,\r\n  \"ownerId\": 1153697943,\r\n  \"offer\": \"ARRENDAMIENTO\",\r\n  \"propertyType\": \"APARTAMENTO\",\r\n  \"rooms\": 3,\r\n  \"bathrooms\": 2,\r\n  \"courtyard\": false,\r\n  \"level\": 1,\r\n  \"area\": 200,\r\n  \"naturalGas\": true,\r\n  \"laundryArea\": true,\r\n  \"address\": \"43 Cherry Street\",\r\n  \"district\": \"Poblado\",\r\n  \"city\": \"Example City\",\r\n  \"image\": \"https://images.adsttc.com/media/images/5d34/e507/284d/d109/5600/0240/newsletter/_FI.jpg?1563747560\"\r\n}\r\n\r\n",
							"options": {
								"raw": {
									"language": "json"
								}
							}
						},
						"url": {
							"raw": "localhost:8090/api/property/save",
							"host": [
								"localhost"
							],
							"port": "8090",
							"path": [
								"api",
								"property",
								"save"
							]
						}
					},
					"response": []
				},
				{
					"name": "property delete",
					"request": {
						"auth": {
							"type": "bearer",
							"bearer": [
								{
									"key": "token",
									"value": "eyJhbGciOiJIUzI1NiJ9.eyJzdWIiOiJsZmthbnNlbG1vQGdtYWlsLmNvbSIsImlhdCI6MTcwMDg4MzY5MCwiZXhwIjoxNzAwOTcwMDkwfQ.Lae7oM47UkL2Y9f9ITsyb0Aka8UtlF9uJf5EEqPg2FQ",
									"type": "string"
								}
							]
						},
						"method": "DELETE",
						"header": [],
						"url": {
							"raw": "localhost:8090/api/property/delete/1",
							"host": [
								"localhost"
							],
							"port": "8090",
							"path": [
								"api",
								"property",
								"delete",
								"1"
							]
						}
					},
					"response": []
				},
				{
					"name": "property update",
					"request": {
						"method": "PUT",
						"header": [],
						"body": {
							"mode": "raw",
							"raw": "{\r\n\r\n    \"propertyId\": 1,\r\n  \"offer\": \"VENTA\",\r\n  \"propertyType\": \"APARTAMENTO\",\r\n  \"rooms\": 3\r\n}",
							"options": {
								"raw": {
									"language": "json"
								}
							}
						}
					},
					"response": []
				}
			]
		},
		{
			"name": "Owner",
			"item": [
				{
					"name": "owner get by id",
					"request": {
						"auth": {
							"type": "bearer",
							"bearer": [
								{
									"key": "token",
									"value": "eyJhbGciOiJIUzI1NiJ9.eyJzdWIiOiJsZmthbnNlbG1vQGdtYWlsLmNvbSIsImlhdCI6MTcwMTE4OTUwMSwiZXhwIjoxNzAxMjc1OTAxfQ.UuGfJpxK1i5ub3UMVxQj2s2OIYdlU1qrsiFvRmqTvtE",
									"type": "string"
								}
							]
						},
						"method": "GET",
						"header": [],
						"url": {
							"raw": "localhost:8090/api/owner/1153697943",
							"host": [
								"localhost"
							],
							"port": "8090",
							"path": [
								"api",
								"owner",
								"1153697943"
							]
						}
					},
					"response": []
				},
				{
					"name": "owner get by first name",
					"request": {
						"auth": {
							"type": "bearer",
							"bearer": [
								{
									"key": "token",
									"value": "eyJhbGciOiJIUzI1NiJ9.eyJzdWIiOiJsZmthbnNlbG1vQGdtYWlsLmNvbSIsImlhdCI6MTcwMTE4OTUwMSwiZXhwIjoxNzAxMjc1OTAxfQ.UuGfJpxK1i5ub3UMVxQj2s2OIYdlU1qrsiFvRmqTvtE",
									"type": "string"
								}
							]
						},
						"method": "GET",
						"header": [],
						"url": {
							"raw": "localhost:8090/api/owner/ownerFirstName/louis",
							"host": [
								"localhost"
							],
							"port": "8090",
							"path": [
								"api",
								"owner",
								"ownerFirstName",
								"louis"
							]
						}
					},
					"response": []
				},
				{
					"name": "owner get all",
					"request": {
						"auth": {
							"type": "bearer",
							"bearer": [
								{
									"key": "token",
									"value": "eyJhbGciOiJIUzI1NiJ9.eyJzdWIiOiJsZmthbnNlbG1vQGdtYWlsLmNvbSIsImlhdCI6MTcwMTE5MDUwMiwiZXhwIjoxNzAxMjc2OTAyfQ.h1Cqf3BimB2io5zHk5bOb0odI50gM9CoXS_iByl-VF0",
									"type": "string"
								}
							]
						},
						"method": "GET",
						"header": [],
						"url": {
							"raw": "localhost:8090/api/owner/all",
							"host": [
								"localhost"
							],
							"port": "8090",
							"path": [
								"api",
								"owner",
								"all"
							]
						}
					},
					"response": []
				},
				{
					"name": "owner save",
					"request": {
						"auth": {
							"type": "bearer",
							"bearer": [
								{
									"key": "token",
									"value": "eyJhbGciOiJIUzI1NiJ9.eyJzdWIiOiJsZmthbnNlbG1vQGdtYWlsLmNvbSIsImlhdCI6MTcwMjA3NzY5NCwiZXhwIjoxNzAyMTY0MDk0fQ.j01SVWvdJs3DSMojl_IBrOgu5L1OOEENZKcJBAO7CT8",
									"type": "string"
								}
							]
						},
						"method": "POST",
						"header": [],
						"body": {
							"mode": "raw",
							"raw": "{\r\n    \"ownerId\": 1153697943,\r\n    \"firstName\": \"Louis\",\r\n    \"lastName\": \"Dixon\",\r\n    \"phone\": \"321233534\",\r\n    \"email\": \"louis@example.com\"\r\n  }",
							"options": {
								"raw": {
									"language": "json"
								}
							}
						},
						"url": {
							"raw": "localhost:8090/api/owner/save",
							"host": [
								"localhost"
							],
							"port": "8090",
							"path": [
								"api",
								"owner",
								"save"
							]
						}
					},
					"response": []
				},
				{
					"name": "owner delete",
					"request": {
						"auth": {
							"type": "bearer",
							"bearer": [
								{
									"key": "token",
									"value": "eyJhbGciOiJIUzI1NiJ9.eyJzdWIiOiJsZmthbnNlbG1vQGdtYWlsLmNvbSIsImlhdCI6MTcwMTE4OTUwMSwiZXhwIjoxNzAxMjc1OTAxfQ.UuGfJpxK1i5ub3UMVxQj2s2OIYdlU1qrsiFvRmqTvtE",
									"type": "string"
								}
							]
						},
						"method": "DELETE",
						"header": [],
						"url": {
							"raw": "localhost:8090/api/owner/delete/1153697943",
							"host": [
								"localhost"
							],
							"port": "8090",
							"path": [
								"api",
								"owner",
								"delete",
								"1153697943"
							]
						}
					},
					"response": []
				},
				{
					"name": "owner update",
					"request": {
						"auth": {
							"type": "bearer",
							"bearer": [
								{
									"key": "token",
									"value": "eyJhbGciOiJIUzI1NiJ9.eyJzdWIiOiJsZmthbnNlbG1vQGdtYWlsLmNvbSIsImlhdCI6MTcwMTE4OTUwMSwiZXhwIjoxNzAxMjc1OTAxfQ.UuGfJpxK1i5ub3UMVxQj2s2OIYdlU1qrsiFvRmqTvtE",
									"type": "string"
								}
							]
						},
						"method": "PUT",
						"header": [],
						"body": {
							"mode": "raw",
							"raw": "{\r\n    \"ownerId\": 1153697943,\r\n    \"firstName\": \"Louis\",\r\n    \"lastName\": \"Dixon\",\r\n    \"phone\": \"321233534\",\r\n    \"email\": \"louis@mail.com\"\r\n  }",
							"options": {
								"raw": {
									"language": "json"
								}
							}
						},
						"url": {
							"raw": "localhost:8090/api/owner/update",
							"host": [
								"localhost"
							],
							"port": "8090",
							"path": [
								"api",
								"owner",
								"update"
							]
						}
					},
					"response": []
				}
			]
		},
		{
			"name": "Appointment",
			"item": [
				{
					"name": "appointment save",
					"request": {
						"method": "POST",
						"header": [],
						"body": {
							"mode": "raw",
							"raw": "{\r\n  \"userId\": 1,\r\n  \"clientId\": 1152197941,\r\n  \"propertyId\": 1,\r\n  \"startTime\": \"14:00:00\",\r\n  \"date\": \"2022-10-25\"\r\n}\r\n",
							"options": {
								"raw": {
									"language": "json"
								}
							}
						},
						"url": {
							"raw": "localhost:8090/api/appointment/save",
							"host": [
								"localhost"
							],
							"port": "8090",
							"path": [
								"api",
								"appointment",
								"save"
							]
						}
					},
					"response": []
				},
				{
					"name": "appointment delete",
					"request": {
						"auth": {
							"type": "bearer",
							"bearer": [
								{
									"key": "token",
									"value": "eyJhbGciOiJIUzI1NiJ9.eyJzdWIiOiJsZmthbnNlbG1vQGdtYWlsLmNvbSIsImlhdCI6MTcwMDg4MzY5MCwiZXhwIjoxNzAwOTcwMDkwfQ.Lae7oM47UkL2Y9f9ITsyb0Aka8UtlF9uJf5EEqPg2FQ",
									"type": "string"
								}
							]
						},
						"method": "DELETE",
						"header": [],
						"url": {
							"raw": "localhost:8090/api/appointment/delete/1",
							"host": [
								"localhost"
							],
							"port": "8090",
							"path": [
								"api",
								"appointment",
								"delete",
								"1"
							]
						}
					},
					"response": []
				},
				{
					"name": "appointment update",
					"request": {
						"auth": {
							"type": "bearer",
							"bearer": [
								{
									"key": "token",
									"value": "",
									"type": "string"
								}
							]
						},
						"method": "PUT",
						"header": [],
						"body": {
							"mode": "raw",
							"raw": "{\r\n  \"appointmentId\": 6,\r\n  \"clientId\": 1152197941,\r\n  \"startTime\": \"11:00:00\",\r\n  \"date\": \"2022-10-25\"\r\n}",
							"options": {
								"raw": {
									"language": "json"
								}
							}
						},
						"url": {
							"raw": "localhost:8090/api/appointment/update",
							"host": [
								"localhost"
							],
							"port": "8090",
							"path": [
								"api",
								"appointment",
								"update"
							]
						}
					},
					"response": []
				},
				{
					"name": "appointment get by id",
					"request": {
						"method": "GET",
						"header": [],
						"url": {
							"raw": "localhost:8090/api/appointment/1",
							"host": [
								"localhost"
							],
							"port": "8090",
							"path": [
								"api",
								"appointment",
								"1"
							]
						}
					},
					"response": []
				},
				{
					"name": "appointment get by property id",
					"request": {
						"method": "GET",
						"header": [],
						"url": {
							"raw": "localhost:8090/api/appointment/property/1",
							"host": [
								"localhost"
							],
							"port": "8090",
							"path": [
								"api",
								"appointment",
								"property",
								"1"
							]
						}
					},
					"response": []
				},
				{
					"name": "appointment get by client id",
					"request": {
						"method": "GET",
						"header": [],
						"url": {
							"raw": "localhost:8090/api/appointment/client/1",
							"host": [
								"localhost"
							],
							"port": "8090",
							"path": [
								"api",
								"appointment",
								"client",
								"1"
							]
						}
					},
					"response": []
				},
				{
					"name": "appointment get all",
					"request": {
						"method": "GET",
						"header": [],
						"url": {
							"raw": "localhost:8090/api/appointment/all",
							"host": [
								"localhost"
							],
							"port": "8090",
							"path": [
								"api",
								"appointment",
								"all"
							]
						}
					},
					"response": []
				},
				{
					"name": "export pdf",
					"request": {
						"auth": {
							"type": "bearer",
							"bearer": [
								{
									"key": "token",
									"value": "eyJhbGciOiJIUzI1NiJ9.eyJzdWIiOiJsZmthbnNlbG1vQGdtYWlsLmNvbSIsImlhdCI6MTcwMDg3NDM5MSwiZXhwIjoxNzAwOTYwNzkxfQ.kkEDjwZ7uRkl3gKxc6FtfpNIzmFut7pIwsfFb_go6g8",
									"type": "string"
								}
							]
						},
						"method": "GET",
						"header": [],
						"url": {
							"raw": "localhost:8090/api/appointment/export?appoinmentId=2",
							"host": [
								"localhost"
							],
							"port": "8090",
							"path": [
								"api",
								"appointment",
								"export"
							],
							"query": [
								{
									"key": "appoinmentId",
									"value": "2"
								}
							]
						}
					},
					"response": []
				},
				{
					"name": "appointment get by date",
					"request": {
						"method": "POST",
						"header": [],
						"body": {
							"mode": "raw",
							"raw": "{\r\n    \"date\": \"2023-12-15\"\r\n}",
							"options": {
								"raw": {
									"language": "json"
								}
							}
						},
						"url": {
							"raw": "http://localhost:8090/api/appointment/date",
							"protocol": "http",
							"host": [
								"localhost"
							],
							"port": "8090",
							"path": [
								"api",
								"appointment",
								"date"
							]
						}
					},
					"response": []
				},
				{
					"name": "get  by date and username",
					"request": {
						"method": "POST",
						"header": [],
						"body": {
							"mode": "raw",
							"raw": "{\r\n    \"date\": \"2023-12-12\",\r\n    \"userEmail\": \"lfkanselmo@gmail.com\"\r\n}",
							"options": {
								"raw": {
									"language": "json"
								}
							}
						},
						"url": {
							"raw": "localhost:8090/api/appointment/dateusername",
							"host": [
								"localhost"
							],
							"port": "8090",
							"path": [
								"api",
								"appointment",
								"dateusername"
							]
						}
					},
					"response": []
				}
			]
		},
		{
			"name": "Auth",
			"item": [
				{
					"name": "register",
					"request": {
						"method": "POST",
						"header": [],
						"body": {
							"mode": "raw",
							"raw": "{\r\n    \"email\": \"armando.c@gmail.com\",\r\n    \"password\": \"arkham123\",\r\n    \"firstName\": \"Armando\",\r\n    \"lastName\": \"Casas\",\r\n    \"phone\": \"3141234567\",\r\n    \"role\": \"ADMINISTRADOR\"\r\n}",
							"options": {
								"raw": {
									"language": "json"
								}
							}
						},
						"url": {
							"raw": "localhost:8090/api/auth/register",
							"host": [
								"localhost"
							],
							"port": "8090",
							"path": [
								"api",
								"auth",
								"register"
							]
						}
					},
					"response": []
				},
				{
					"name": "login",
					"request": {
						"method": "POST",
						"header": [],
						"body": {
							"mode": "raw",
							"raw": "{\r\n    \"email\": \"armando.c@gmail.com\",\r\n    \"password\": \"arkham123\"\r\n}",
							"options": {
								"raw": {
									"language": "json"
								}
							}
						},
						"url": {
							"raw": "localhost:8090/api/auth/login",
							"host": [
								"localhost"
							],
							"port": "8090",
							"path": [
								"api",
								"auth",
								"login"
							]
						}
					},
					"response": []
				},
				{
					"name": "logout",
					"request": {
						"auth": {
							"type": "bearer",
							"bearer": [
								{
									"key": "token",
									"value": "eyJhbGciOiJIUzI1NiJ9.eyJzdWIiOiJqdWFuQGdtYWlsLmNvbSIsImlhdCI6MTcwMTk2NzE0MywiZXhwIjoxNzAyMDUzNTQzfQ._1AAX1pJeSddJQGYpvCR2MII7SW4c-gYWrXYVBUXDK8",
									"type": "string"
								}
							]
						},
						"method": "POST",
						"header": [],
						"url": {
							"raw": "http://localhost:8090/api/logout",
							"protocol": "http",
							"host": [
								"localhost"
							],
							"port": "8090",
							"path": [
								"api",
								"logout"
							]
						}
					},
					"response": []
				}
			]
		},
		{
			"name": "Token",
			"item": [
				{
					"name": "check token",
					"request": {
						"method": "POST",
						"header": [],
						"body": {
							"mode": "raw",
							"raw": "{\r\n    \"token\": \"eyJhbGciOiJIUzI1NiJ9.eyJzdWIiOiJqdWFuQGdtYWlsLmNvbSIsImlhdCI6MTcwMTk1MjI1NSwiZXhwIjoxNzAyMDM4NjU1fQ.yojLBimTwmnSTCxcR5MspalpoggBK3gZfM3Pkhsr8QI\"\r\n}",
							"options": {
								"raw": {
									"language": "json"
								}
							}
						},
						"url": {
							"raw": "localhost:8090/api/token/check",
							"host": [
								"localhost"
							],
							"port": "8090",
							"path": [
								"api",
								"token",
								"check"
							]
						}
					},
					"response": []
				}
			]
		},
		{
			"name": "User",
			"item": [
				{
					"name": "user get all",
					"request": {
						"method": "GET",
						"header": [],
						"url": {
							"raw": "localhost:8090/api/auth/user/all",
							"host": [
								"localhost"
							],
							"port": "8090",
							"path": [
								"api",
								"auth",
								"user",
								"all"
							]
						}
					},
					"response": []
				},
				{
					"name": "user get by username",
					"request": {
						"auth": {
							"type": "bearer",
							"bearer": [
								{
									"key": "token",
									"value": "eyJhbGciOiJIUzI1NiJ9.eyJzdWIiOiJsZmthbnNlbG1vQGdtYWlsLmNvbSIsImlhdCI6MTcwMjE3NTczNCwiZXhwIjoxNzAyMjYyMTM0fQ.GzDPAeG90HlF_f2XoooZ2cEvra7iFPTRpFQ7K96hrjQ",
									"type": "string"
								}
							]
						},
						"method": "GET",
						"header": [],
						"url": {
							"raw": "localhost:8090/api/auth/user/email/lfkanselmo@gmail.com",
							"host": [
								"localhost"
							],
							"port": "8090",
							"path": [
								"api",
								"auth",
								"user",
								"email",
								"lfkanselmo@gmail.com"
							]
						}
					},
					"response": []
				}
			]
		}
	]
}